INSERT INTO tenants (name, email) VALUES
  ('Comercial Aurora', 'contacto@aurora.com'),
  ('Tienda La Estrella', 'ventas@estrella.com'),
  ('Mercado Nova', 'info@novamarket.com'),
  ('Distribuidora El Sol', 'sol@distribuidora.com'),
  ('Almacén Punto Azul', 'puntoazul@almacen.com'),
  ('TechnoShop', 'soporte@technoshop.com');

INSERT INTO users (client_id, name) VALUES
(1, 'Alice Johnson'),
(2, 'Bob Smith'),
(3, 'Charlie Davis'),
(4, 'Diana Evans'),
(5, 'Edward Wilson'),
(6, 'Fiona Clark'),
(1, 'George Moore'),
(2, 'Hannah Lewis'),
(3, 'Ian Turner'),
(4, 'Julia Carter'),
(5, 'Kevin Walker'),
(6, 'Laura Adams'),
(1, 'Michael Scott'),
(2, 'Natalie Reed'),
(3, 'Oliver Brooks'),
(4, 'Patricia Hall'),
(5, 'Quentin Young'),
(6, 'Rachel Hughes'),
(1, 'Samuel Price'),
(2, 'Tina Perry'),
(3, 'Ulysses Morgan'),
(4, 'Victoria Barnes'),
(5, 'William Ross'),
(6, 'Ximena Bell'),
(1, 'Yasmine Cooper'),
(2, 'Zachary Ward'),
(3, 'Aaron Mitchell'),
(4, 'Bianca Lee'),
(5, 'Carlos Torres'),
(6, 'Daniela Ramirez'),
(1, 'Elena Sanchez'),
(2, 'Felipe Cruz'),
(3, 'Gabriela Flores'),
(4, 'Hector Rios'),
(5, 'Isabela Ortega'),
(6, 'Javier Navarro'),
(1, 'Karen Vega'),
(2, 'Luis Castillo'),
(3, 'Maria Delgado'),
(4, 'Nicolas Soto'),
(5, 'Olivia Herrera'),
(6, 'Pablo Morales'),
(1, 'Renata Lozano'),
(2, 'Sebastian Pineda'),
(3, 'Tamara Arias'),
(4, 'Ulises Marquez'),
(5, 'Valeria Peña'),
(6, 'Walter Ruiz'),
(1, 'Xavier Salazar'),
(2, 'Yara Cordero'),
(3, 'Zoe Mendoza'),
(4, 'Andres Duarte'),
(5, 'Brenda Aguirre'),
(6, 'Cesar Figueroa'),
(1, 'Debora Escobar'),
(2, 'Esteban Cifuentes'),
(3, 'Florencia Ayala'),
(4, 'Guillermo Paz'),
(5, 'Helena Fuentes'),
(6, 'Ignacio Cornejo'),
(1, 'Jimena Silva'),
(2, 'Karla Muñoz'),
(3, 'Leandro Valle'),
(4, 'Martina Palma'),
(5, 'Noah Cabrera'),
(6, 'Oscar Duarte'),
(1, 'Paula Varela'),
(2, 'Rafael Becerra'),
(3, 'Sandra Ponce'),
(4, 'Tomas Maldonado'),
(5, 'Uriel Castro'),
(6, 'Vanessa Rojas'),
(1, 'Wendy Galindo'),
(2, 'Xochitl Marin'),
(3, 'Yahir Espinoza'),
(4, 'Zulema Serrano'),
(5, 'Adrian Lazo'),
(6, 'Beatriz Meza'),
(1, 'Cristian Oliva'),
(2, 'Daniela Paredes'),
(3, 'Emanuel Saavedra'),
(4, 'Fernanda Tobar'),
(5, 'Gerardo Molina'),
(6, 'Harold Parra'),
(1, 'Ines Villegas'),
(2, 'Jorge Montoya'),
(3, 'Kenia Armas'),
(4, 'Leonardo Farfan'),
(5, 'Marisol Guerra'),
(6, 'Nayeli Renteria'),
(1, 'Octavio Jaramillo'),
(2, 'Pamela Tapia'),
(3, 'Rodrigo Salinas'),
(4, 'Silvia Andrade'),
(5, 'Thiago Escamilla'),
(6, 'Violeta Barrera'),
(6, 'ghfbds k67j5h'),
(3, 'nmvbcv iubr'),
(2, 'vrtey45 m5n4'),
(4, 'vh v6j5'),
(6, 'etrwe Barr 5j3njera');

INSERT INTO products (client_id, name, price) VALUES
(1, 'Café Premium', 120),
(2, 'Té Verde', 80),
(3, 'Azúcar Orgánica', 45),
(4, 'Pan Integral', 60),
(5, 'Aceite de Oliva', 250),
(6, 'Queso Manchego', 310),
(1, 'Jugo Natural', 55),
(2, 'Leche Deslactosada', 90),
(3, 'Arroz Integral', 75),
(4, 'Vinagre Balsámico', 95),
(5, 'Mantequilla Vegana', 150),
(6, 'Huevos Orgánicos', 110),
(1, 'Granola Artesanal', 180),
(2, 'Pasta de Trigo', 70),
(3, 'Salsa de Tomate', 50),
(4, 'Chocolate Amargo', 130),
(5, 'Mermelada de Frutas', 85),
(6, 'Galletas Integrales', 65),
(1, 'Lentejas', 35),
(2, 'Frijoles Negros', 40),
(3, 'Yogurt Natural', 95),
(4, 'Miel Pura', 200),
(5, 'Agua Mineral', 30),
(6, 'Cereal de Avena', 115),
(1, 'Crema de Almendra', 220),
(2, 'Sal del Himalaya', 145),
(3, 'Pimienta Negra', 60),
(4, 'Mostaza Dijon', 75),
(5, 'Champiñones', 55),
(6, 'Tofu Orgánico', 135),
(1, 'Soya Texturizada', 105),
(2, 'Tomates Cherry', 50),
(3, 'Espinaca Fresca', 70),
(4, 'Zanahorias Baby', 65),
(5, 'Pepinos', 45),
(6, 'Manzanas Rojas', 90),
(1, 'Peras', 100),
(2, 'Uvas Verdes', 110),
(3, 'Plátanos', 35),
(4, 'Naranjas', 55),
(5, 'Papaya', 80),
(6, 'Mango', 85),
(1, 'Aguacate', 150),
(2, 'Nueces', 180),
(3, 'Almendras', 190),
(4, 'Pasas', 70),
(5, 'Cacahuates', 60),
(6, 'Semillas de Chía', 90),
(1, 'Aceitunas Negras', 125),
(2, 'Pan de Centeno', 95),
(3, 'Harina de Coco', 140),
(4, 'Levadura Nutricional', 155),
(5, 'Cúrcuma Molida', 75),
(6, 'Jengibre Fresco', 65),
(1, 'Cilantro', 30),
(2, 'Perejil', 35),
(3, 'Ajo en Polvo', 50),
(4, 'Cebolla en Polvo', 55),
(5, 'Canela', 60),
(6, 'Clavo de Olor', 70),
(1, 'Anís Estrella', 80),
(2, 'Comino', 45),
(3, 'Panela', 65),
(4, 'Stevia', 90),
(5, 'Café Descafeinado', 115),
(6, 'Té Chai', 105),
(1, 'Té Negro', 95),
(2, 'Té de Manzanilla', 85),
(3, 'Barras de Cereal', 130),
(4, 'Batidos Proteicos', 250),
(5, 'Suplemento de Omega 3', 300),
(6, 'Multivitamínico', 270),
(1, 'Proteína Vegana', 320),
(2, 'Aceite de Coco', 210),
(3, 'Crema de Cacahuate', 190),
(4, 'Galletas de Avena', 60),
(5, 'Snacks de Kale', 150),
(6, 'Chips de Plátano', 90),
(1, 'Palomitas Naturales', 70),
(2, 'Brownies Saludables', 120),
(3, 'Cupcakes Veganos', 140),
(4, 'Helado Sin Azúcar', 180),
(5, 'Refresco Natural', 75),
(6, 'Té Kombucha', 160),
(1, 'Café Molido', 110),
(2, 'Té Oolong', 115),
(3, 'Bebida de Almendra', 95),
(4, 'Jugo Verde', 125),
(5, 'Pan Multigrano', 80),
(6, 'kuyjyhgf fggds', 320),
(4, 'yutjrh gnf', 5643),
(3, 'nbr bgrf', 234),
(2, 'dfgsbgbcv gfd', 12),
(6, 'fdxc hmmngb', 675),
(5, '56jhrte dfs', 34),
(4, 'ngr dfs', 546),
(4, 'ewgqre Vegetariana', 456),
(4, 'gdf iuy', 657),
(2, 'tnrg 43trweghf', 5768),
(6, 'yutrh i87u6', 435);

INSERT INTO orders (user_id, client_id, date) VALUES
(1, 1, '2025-01-05'),
(2, 2, '2025-01-06'),
(3, 3, '2025-01-07'),
(4, 4, '2025-01-08'),
(5, 5, '2025-01-09'),
(6, 6, '2025-01-10'),
(7, 1, '2025-01-11'),
(8, 2, '2025-01-12'),
(9, 3, '2025-01-13'),
(10, 4, '2025-01-14'),
(11, 5, '2025-01-15'),
(12, 6, '2025-01-16'),
(13, 1, '2025-01-17'),
(14, 2, '2025-01-18'),
(15, 3, '2025-01-19'),
(16, 4, '2025-01-20'),
(17, 5, '2025-01-21'),
(18, 6, '2025-01-22'),
(19, 1, '2025-01-23'),
(20, 2, '2025-01-24'),
(21, 3, '2025-01-25'),
(22, 4, '2025-01-26'),
(23, 5, '2025-01-27'),
(24, 6, '2025-01-28'),
(25, 1, '2025-01-29'),
(26, 2, '2025-01-30'),
(27, 3, '2025-01-31'),
(28, 4, '2025-02-01'),
(29, 5, '2025-02-02'),
(30, 6, '2025-02-03'),
(31, 1, '2025-02-04'),
(32, 2, '2025-02-05'),
(33, 3, '2025-02-06'),
(34, 4, '2025-02-07'),
(35, 5, '2025-02-08'),
(36, 6, '2025-02-09'),
(37, 1, '2025-02-10'),
(38, 2, '2025-02-11'),
(39, 3, '2025-02-12'),
(40, 4, '2025-02-13'),
(41, 5, '2025-02-14'),
(42, 6, '2025-02-15'),
(43, 1, '2025-02-16'),
(44, 2, '2025-02-17'),
(45, 3, '2025-02-18'),
(46, 4, '2025-02-19'),
(47, 5, '2025-02-20'),
(48, 6, '2025-02-21'),
(49, 1, '2025-02-22'),
(50, 2, '2025-02-23'),
(51, 3, '2025-02-24'),
(52, 4, '2025-02-25'),
(53, 5, '2025-02-26'),
(54, 6, '2025-02-27'),
(55, 1, '2025-02-28'),
(56, 2, '2025-03-01'),
(57, 3, '2025-03-02'),
(58, 4, '2025-03-03'),
(59, 5, '2025-03-04'),
(60, 6, '2025-03-05'),
(61, 1, '2025-03-06'),
(62, 2, '2025-03-07'),
(63, 3, '2025-03-08'),
(64, 4, '2025-03-09'),
(65, 5, '2025-03-10'),
(66, 6, '2025-03-11'),
(67, 1, '2025-03-12'),
(68, 2, '2025-03-13'),
(69, 3, '2025-03-14'),
(70, 4, '2025-03-15'),
(71, 5, '2025-03-16'),
(72, 6, '2025-03-17'),
(73, 1, '2025-03-18'),
(74, 2, '2025-03-19'),
(75, 3, '2025-03-20'),
(76, 4, '2025-03-21'),
(77, 5, '2025-03-22'),
(78, 6, '2025-03-23'),
(79, 1, '2025-03-24'),
(80, 2, '2025-03-25'),
(81, 3, '2025-03-26'),
(82, 4, '2025-03-27'),
(83, 5, '2025-03-28'),
(84, 6, '2025-03-29'),
(85, 1, '2025-03-30'),
(86, 2, '2025-03-31'),
(87, 3, '2025-04-01'),
(88, 4, '2025-04-02'),
(89, 5, '2025-04-03'),
(90, 6, '2025-04-04'),
(91, 1, '2025-04-05'),
(92, 2, '2025-04-06'),
(93, 3, '2025-04-07'),
(94, 4, '2025-04-08'),
(95, 5, '2025-04-09'),
(96, 6, '2025-04-10'),
(97, 1, '2025-04-11'),
(98, 2, '2025-04-12'),
(99, 3, '2025-04-13'),
(100, 4, '2025-04-14');

INSERT INTO detail_order (order_id, product_id, quantity) VALUES
(1, 5, 2),
(2, 12, 4),
(3, 27, 1),
(4, 8, 3),
(5, 43, 5),
(6, 17, 2),
(7, 36, 1),
(8, 49, 6),
(9, 14, 2),
(10, 22, 3),
(11, 11, 7),
(12, 55, 4),
(13, 33, 1),
(14, 65, 5),
(15, 24, 3),
(16, 30, 2),
(17, 18, 4),
(18, 50, 1),
(19, 62, 3),
(20, 40, 2),
(21, 70, 6),
(22, 7, 3),
(23, 91, 2),
(24, 66, 5),
(25, 78, 4),
(26, 32, 1),
(27, 25, 3),
(28, 45, 2),
(29, 37, 6),
(30, 20, 3),
(31, 74, 2),
(32, 52, 4),
(33, 59, 1),
(34, 9, 3),
(35, 15, 2),
(36, 13, 6),
(37, 31, 5),
(38, 84, 2),
(39, 21, 4),
(40, 88, 3),
(41, 3, 2),
(42, 38, 6),
(43, 26, 1),
(44, 34, 3),
(45, 47, 4),
(46, 39, 2),
(47, 41, 5),
(48, 61, 1),
(49, 69, 3),
(50, 28, 2),
(51, 10, 4),
(52, 92, 2),
(53, 46, 5),
(54, 64, 3),
(55, 86, 1),
(56, 76, 4),
(57, 23, 2),
(58, 73, 5),
(59, 58, 3),
(60, 16, 2),
(61, 48, 1),
(62, 42, 6),
(63, 6, 2),
(64, 60, 4),
(65, 19, 5),
(66, 67, 1),
(67, 90, 3),
(68, 29, 2),
(69, 94, 6),
(70, 51, 1),
(71, 77, 4),
(72, 87, 2),
(73, 44, 3),
(74, 63, 5),
(75, 35, 2),
(76, 71, 1),
(77, 80, 4),
(78, 89, 2),
(79, 93, 3),
(80, 68, 5),
(81, 75, 2),
(82, 85, 1),
(83, 79, 3),
(84, 53, 4),
(85, 56, 2),
(86, 95, 1),
(87, 2, 6),
(88, 57, 4),
(89, 83, 2),
(90, 98, 5),
(91, 96, 1),
(92, 100, 3),
(93, 99, 4),
(94, 97, 2),
(95, 1, 5),
(96, 4, 3),
(97, 72, 2),
(98, 54, 1),
(99, 82, 6),
(100, 81, 3);


INSERT INTO stock (product_id, client_id, stock) VALUES
(1, 1, 50),
(2, 1, 35),
(3, 2, 60),
(4, 2, 42),
(5, 3, 80),
(6, 3, 70),
(7, 4, 90),
(8, 4, 30),
(9, 5, 25),
(10, 5, 55),
(11, 6, 40),
(12, 6, 65),
(13, 1, 75),
(14, 1, 20),
(15, 2, 45),
(16, 2, 33),
(17, 3, 77),
(18, 3, 22),
(19, 4, 85),
(20, 4, 38),
(21, 5, 66),
(22, 5, 28),
(23, 6, 93),
(24, 6, 47),
(25, 1, 88),
(26, 1, 29),
(27, 2, 51),
(28, 2, 19),
(29, 3, 74),
(30, 3, 36),
(31, 4, 58),
(32, 4, 40),
(33, 5, 63),
(34, 5, 50),
(35, 6, 72),
(36, 6, 33),
(37, 1, 82),
(38, 1, 44),
(39, 2, 59),
(40, 2, 34),
(41, 3, 91),
(42, 3, 48),
(43, 4, 70),
(44, 4, 32),
(45, 5, 78),
(46, 5, 24),
(47, 6, 86),
(48, 6, 41),
(49, 1, 67),
(50, 1, 39),
(51, 2, 53),
(52, 2, 37),
(53, 3, 89),
(54, 3, 27),
(55, 4, 76),
(56, 4, 34),
(57, 5, 83),
(58, 5, 23),
(59, 6, 64),
(60, 6, 31),
(61, 1, 71),
(62, 1, 46),
(63, 2, 55),
(64, 2, 30),
(65, 3, 96),
(66, 3, 43),
(67, 4, 60),
(68, 4, 29),
(69, 5, 92),
(70, 5, 49),
(71, 6, 81),
(72, 6, 26),
(73, 1, 68),
(74, 1, 35),
(75, 2, 79),
(76, 2, 21),
(77, 3, 87),
(78, 3, 53),
(79, 4, 61),
(80, 4, 27),
(81, 5, 90),
(82, 5, 33),
(83, 6, 73),
(84, 6, 25),
(85, 1, 84),
(86, 1, 36),
(87, 2, 50),
(88, 2, 22),
(89, 3, 94),
(90, 3, 58),
(91, 4, 80),
(92, 4, 31),
(93, 5, 62),
(94, 5, 30),
(95, 6, 69),
(96, 6, 45),
(97, 1, 97),
(98, 1, 20),
(99, 2, 52),
(100, 2, 41);


